firstname,lastname,profession,age
Sam,Wilkinson,police officer,26
Isa,Annice,police officer,25
Gwenneth,Beebe,worker,24
Ottilie,Remmer,police officer,22
Rosene,Zrike,doctor,22
Dianemarie,Diann,firefighter,27
Jerry,Margarete,police officer,28
Ursulina,Buffum,doctor,23
Helena,Munn,worker,27
Tonia,Raul,police officer,28
Josephine,Cohdwell,developer,26
Madalyn,Afton,police officer,29
Phedra,Timon,doctor,26
Amara,Harned,police officer,25
Brianna,Katrine,developer,25
Thalia,Alcott,worker,25
Veda,Vharat,developer,24
Jere,Lilybelle,police officer,26
Tori,Toffic,worker,24
Eadie,Cookie,firefighter,24
Janenna,Estella,firefighter,29
Leanna,Jary,police officer,22
Kaja,Rheingold,firefighter,24
Dennie,Iiette,worker,28
Camile,Chrystel,police officer,24
Reeba,Marden,developer,22
Raina,Jefferey,developer,30
Rani,Roumell,developer,22
Kathy,Imelida,worker,26
Livvyy,Frodi,developer,22
Benita,Stoller,developer,27
Candy,Johnsson,doctor,22
Glenda,Faust,firefighter,25
Claresta,Roumell,developer,29
Kary,Seessel,worker,22
Carree,Ardeha,firefighter,23
Lory,Matthew,police officer,22
Sherrie,Caitlin,developer,29
Rivalee,Dorcy,firefighter,27
Ilse,Ashok,worker,23
Minne,Narton,developer,23
Paola,Zitvaa,doctor,22
Ellette,Valoniah,developer,30
Camile,Bow,developer,29
Elsie,Shama,doctor,25
Shandie,McClimans,firefighter,22
Roz,Colbert,police officer,24
Raina,Nisbet,doctor,26
Nollie,Zetta,police officer,27
Lolita,Kalinda,developer,27
Leeanne,Lunsford,worker,26
Mariann,Hillel,developer,23
Rani,Ardra,doctor,26
Imojean,Bonucci,firefighter,23
Rayna,Aaberg,police officer,27
Meriel,Ummersen,doctor,30
Nonnah,Jena,developer,28
Lorie,Bettine,developer,30
Nelle,Lindemann,doctor,22
Philis,Holbrook,doctor,29
Ardenia,Munn,worker,23
Yvonne,Hubert,doctor,27
Allyce,Holtz,doctor,29
Carol-Jean,Love,worker,25
Miquela,Florina,developer,24
Madelle,Bonilla,worker,22
Neila,Franza,developer,26
Fina,Masao,doctor,23
Dominga,Kirbee,firefighter,25
Tersina,Bow,doctor,27
Sissy,Pandolfi,firefighter,25
Demetris,Georgy,firefighter,22
Elie,Mike,police officer,27
Celestyna,Clywd,developer,24
Flo,Stilwell,doctor,25
Jinny,Nester,doctor,25
Vita,Adore,doctor,22
Lilith,Aida,developer,24
Kathy,Ailyn,police officer,30
Lucille,Merna,firefighter,29
Livvyy,Gerge,firefighter,27
Cissiee,Alfons,firefighter,26
Carilyn,Eno,police officer,24
Patricia,Pascia,doctor,23
Karolina,Guthrie,developer,27
Cyb,Fancie,developer,24
Emilia,Baptlsta,firefighter,28
Dawn,Rosette,police officer,29
Jaclyn,Cristi,police officer,26
Penelopa,Aaberg,developer,26
Claresta,Sundin,developer,28
Elka,Terrence,police officer,24
Arlena,Rese,worker,27
Vonny,Belldas,police officer,22
Marti,Ingra,firefighter,28
Ardenia,Codding,doctor,30
Ada,Gregrory,worker,28
Margarette,Papageno,doctor,23
Dyann,Daveta,doctor,25
Lolita,Ursulette,worker,29
Wynne,Eugenia,firefighter,24
Desirae,Tristram,worker,28
Leona,Tillford,police officer,28
Maurene,Gunn,doctor,27
Darlleen,LaRue,developer,22
Regina,Deegan,developer,26
Lilith,Bow,police officer,27
Claudina,Vilma,developer,26
Deane,Gale,worker,28
Nikki,Jagir,police officer,27
Libbie,Cleo,firefighter,24
Rozele,Adrienne,police officer,29
Emma,Aurelio,doctor,25
Nannie,Fillbert,doctor,28
Kathy,Buffum,firefighter,22
Rochette,Carey,firefighter,28
Farrah,Reneta,developer,24
Keelia,Ophelia,doctor,30
Zsa Zsa,Granoff,firefighter,27
Shauna,Haldas,developer,27
Chrystel,Fink,worker,23
Agathe,Carri,firefighter,22
Starla,Rhu,worker,26
Rani,Othilia,worker,24
Paulita,Merriott,developer,24
Basia,Schenck,developer,29
Hyacinthe,Randene,worker,26
Johna,Concha,worker,25
Queenie,Linehan,firefighter,28
Dennie,Morehouse,doctor,25
Zia,Standing,doctor,22
Jere,Firmin,firefighter,24
Viviene,Madox,firefighter,26
Isa,Bach,doctor,24
Rori,Klemperer,firefighter,23
Kamilah,Nikaniki,worker,25
Jean,Uund,police officer,23
Tierney,Tufts,doctor,23
Corry,Harl,doctor,25
Audrie,Kimmie,police officer,22
Sadie,Nicoline,firefighter,22
Merrie,Swanhildas,police officer,27
Constance,Keily,police officer,30
Marnia,Hermes,police officer,24
Perry,Bari,doctor,22
Karly,Jeanne,police officer,28
Elvira,Carlson,police officer,28
Madeleine,Poppy,developer,23
Shannah,Destinee,police officer,23
Betta,Moina,police officer,28
Minda,Brieta,developer,25
Anestassia,Nance,firefighter,22
Shaine,Whiffen,developer,24
Cathie,Eldrid,police officer,22
Gavrielle,Felizio,doctor,24
Malina,Sallyann,firefighter,24
Rivalee,Janene,firefighter,29
Jordan,Kendrick,police officer,25
Keelia,Elvyn,police officer,25
Mara,Thema,developer,22
Dagmar,Grosz,police officer,27
Brooks,Campball,worker,23
Myrtice,Emanuel,developer,28
Tracey,Wildermuth,developer,23
Doro,Germann,developer,30
Miquela,Nahum,worker,30
Sharai,Masao,developer,25
Starla,Joni,developer,25
Dorene,Maurine,doctor,26
Shel,Jarib,doctor,28
Edee,Linehan,police officer,30
Jere,Ivens,doctor,24
Madalyn,Suzetta,police officer,24
Elvira,Keily,doctor,23
Orelia,Lewes,doctor,27
Nanete,Gaspard,developer,26
Elvira,Pernick,worker,22
Consuela,Roscoe,police officer,26
Ezmeralda,Rooney,police officer,29
Annabela,Hazlett,worker,25
Stevana,Erb,doctor,26
Doralynne,Herrera,worker,26
Vivia,Helfand,worker,25
Caressa,Stacy,firefighter,25
Althea,O'Carroll,firefighter,23
Elka,Crudden,doctor,29
Donnie,Brian,worker,26
Melina,Ashok,firefighter,30
Anthia,Dearborn,firefighter,22
Lory,Terencio,firefighter,23
Margalo,Mathilde,doctor,25
Ida,Gladstone,worker,29
Dulcinea,Chandler,worker,24
Therine,Koehler,doctor,30
Kamilah,Cath,worker,30
Patricia,Bonucci,developer,28
Roberta,Lanita,police officer,27
Rebeca,Swanhildas,worker,23
Maye,Cleo,doctor,28
Dede,Hollingsworth,developer,29
Bill,Emanuel,police officer,24
Ana,Marden,doctor,28
Morganica,Vanni,worker,29
Donetta,Brenn,police officer,29
Nanete,Concha,worker,29
Stacey,Cadmar,worker,30
Karly,Viddah,doctor,22
Shirlee,Lea,firefighter,26
Tamqrah,Chobot,developer,30
Kaja,Cynar,developer,23
Meriel,Gilmour,firefighter,29
Maryellen,Rebecka,developer,22
Laurene,Ventre,police officer,23
Andeee,Sisile,worker,25
Karena,Parsaye,developer,26
Kayla,Flyn,developer,22
Lesly,Dominy,worker,24
Pierette,Simmonds,firefighter,28
Queenie,Gunn,police officer,29
Mallory,Afton,doctor,29
Nonnah,Gherardo,worker,24
Emilia,Merat,firefighter,26
Ardenia,Poll,firefighter,22
Devina,Wooster,police officer,23
Elora,Rese,police officer,24
Kalina,Ruvolo,worker,30
Pollyanna,Baptlsta,firefighter,26
Georgina,Truc,worker,25
Roxane,Autrey,firefighter,25
Dennie,Gaulin,firefighter,25
Annabela,Sallyann,firefighter,28
Allyce,Nadia,doctor,26
Sue,Tacye,police officer,25
Christian,Edmund,police officer,26
Celestyna,Ralfston,firefighter,27
Heddie,Nerita,police officer,24
Annabela,Frodi,firefighter,30
Jerry,Thema,developer,30
Lita,Ludewig,firefighter,28
Elise,Maribeth,firefighter,30
Margarette,Raychel,doctor,23
Clementine,Zeeba,developer,30
Amelia,Kiersten,developer,30
Collen,Lytton,developer,22
Linet,Arathorn,firefighter,30
Krystle,Bettine,police officer,27
Jaclyn,Astra,firefighter,22
Gianina,Pettiford,firefighter,30
Maryellen,MacIntosh,worker,26
Georgetta,Anton,police officer,24
Annaliese,Donoghue,police officer,27
Candy,Gibbeon,worker,24
Celene,Center,police officer,28
Latisha,Valoniah,doctor,22
Melanie,Dituri,doctor,25
Alexine,Poppy,firefighter,28
Hettie,Rozanna,doctor,30
Stevana,Rosalba,developer,30
Iseabal,Shanley,worker,26
Dione,Blake,police officer,27
Janis,Holtz,police officer,22
Luci,Connelly,doctor,30
Britni,Pond,firefighter,27
Janis,Georas,worker,22
Gianina,Adamsen,firefighter,26
Iseabal,Alrich,worker,22
Amelia,Iphlgenia,firefighter,23
Aimil,Turne,worker,26
Diena,Connelly,firefighter,28
Collen,Bartlett,doctor,26
Annaliese,Germann,police officer,29
Stevana,Hollingsworth,developer,30
Nollie,Pascia,firefighter,27
Veda,Paton,developer,30
Anica,Rustice,developer,24
Zondra,Darrell,police officer,29
Mamie,Chapland,doctor,30
Katuscha,Erich,doctor,27
Kara-Lynn,Loleta,worker,28
Maridel,Noman,police officer,22
Berta,Amand,police officer,25
Ada,Torray,developer,25
Eolanda,Arley,developer,30
Lyssa,Dudley,doctor,25
Joelly,Docilla,doctor,28
Jorry,Burkle,police officer,23
Vanessa,Pandolfi,police officer,24
Nonnah,Beebe,firefighter,22
Jemie,Rolf,worker,27
Raina,Matthew,police officer,28
Mellicent,Maisey,doctor,30
Kerrin,Baudin,firefighter,28
Jennica,Harl,police officer,22
Fanchon,Goerke,worker,24
Josephine,Torray,developer,22
Carlie,Screens,doctor,25
Andeee,Diogenes,developer,23
Devina,Pearse,police officer,26
Zia,Madox,police officer,25
Marinna,Thornburg,worker,24
Maud,Armanda,developer,24
Larine,Natalia,developer,30
Stephanie,Yoko,worker,23
Joy,Rillings,worker,29
Maurene,Buffum,police officer,25
Marline,Janene,firefighter,29
Sindee,Fosque,police officer,27
Ira,Aldric,worker,22
Gertrud,Aurelio,doctor,26
Dulce,Tayib,police officer,29
Lisette,Whiffen,doctor,24
Devina,Karna,developer,28
Cristabel,Roarke,firefighter,22
Queenie,Zuzana,developer,27
Shaylyn,Sibyls,worker,24
Selia,Mozelle,developer,23
Oona,Macey,doctor,28
Debee,Even,doctor,27
Doralynne,Dash,doctor,28
Valeda,Alarise,firefighter,26
Selia,Casimir,doctor,23
Cherrita,Fitzsimmons,worker,22
Philis,Saint,worker,23
Kara-Lynn,Mott,developer,27
Donetta,Lauraine,firefighter,27
Trixi,Rosalba,police officer,30
Blondelle,Buckler,developer,24
Genevra,Richers,police officer,30
Cyb,Gemini,firefighter,27
Tierney,Moseley,developer,27
Aurore,Argus,police officer,29
Aaren,Goode,police officer,22
Kristan,Elisha,developer,25
Netty,Gamaliel,firefighter,24
Keelia,Odell,firefighter,28
Minne,Lymann,doctor,22
Oralee,Verger,doctor,29
Lexine,Dawkins,developer,30
Pollyanna,Old,firefighter,27
Yvonne,Harl,doctor,26
Dominga,Kress,firefighter,25
Maye,Tybald,developer,24
Ebonee,Morrill,worker,23
Imojean,Munn,doctor,23
Kylynn,Strephon,worker,23
Harmonia,Manolo,doctor,30
Ana,Ashely,worker,27
Frieda,Amadas,police officer,27
Hettie,Lilas,firefighter,25
Carree,Gabrielli,doctor,24
Flory,Adore,worker,30
Joceline,Hubert,police officer,23
Collen,Agle,firefighter,24
Marleah,Calhoun,police officer,26
Imojean,Tamar,police officer,25
Lanae,Hunfredo,police officer,28
Taffy,Billye,developer,22
Vonny,Hollingsworth,firefighter,28
Asia,Kalinda,police officer,23
Flory,Shuler,developer,25
Cathyleen,Brian,police officer,28
Ketti,Socha,worker,24
Raf,Susannah,developer,30
Emmey,Bronk,worker,30
Candi,Screens,doctor,29
Dede,Carvey,developer,25
Susan,Franza,worker,29
Micheline,Holtz,firefighter,27
Brena,Dunkin,doctor,25
Shel,Podvin,doctor,24
Renae,Alisia,firefighter,27
Ada,Klotz,doctor,28
Nonnah,Niles,worker,29
Lulita,Eldrid,developer,25
Reeba,Orpah,worker,30
Elora,Silvan,doctor,27
Millie,Friede,developer,24
Anestassia,Teryn,firefighter,27
Emma,Kaja,worker,26
Ethel,Yate,firefighter,23
Meriel,Montgomery,worker,24
Kirstin,Harl,firefighter,26
Sindee,Kiyoshi,doctor,30
Aryn,Barrus,police officer,27
Delilah,Norrie,doctor,27
Lory,Millda,firefighter,23
Agathe,Kress,firefighter,29
Ariela,Lipson,doctor,25
Lanna,Atcliffe,worker,22
Christal,Socha,worker,23
Janeczka,Laurianne,developer,23
Concettina,Rebecka,police officer,23
Hollie,Thilda,doctor,24
Lexine,Claudine,police officer,22
Lexine,Constancy,worker,22
Donnie,Martsen,developer,22
Dominga,Elo,doctor,24
Cristabel,Weitman,developer,27
Frieda,Rona,police officer,25
Agnese,Lipson,doctor,24
Agathe,Colp,doctor,22
Veda,Garlinda,police officer,22
Jolyn,Robertson,firefighter,22
Gerianna,Mintz,developer,23
Katuscha,Chem,firefighter,30
Luci,Skurnik,worker,25
Belva,Myrilla,police officer,28
Loree,Norrie,police officer,30
Maurene,Poppy,doctor,23
Mariele,Blisse,worker,27
Nicoli,Narton,worker,25
Mady,Jaylene,worker,22
Mallory,Hoban,doctor,22
Silvana,Bach,police officer,27
Hermione,Cullin,firefighter,27
Di,Constancy,doctor,23
Allyce,Modie,police officer,27
Marcy,Zeeba,worker,29
Sheelagh,Ardra,worker,27
Jean,Schenck,worker,24
Rosene,Artie,developer,28
Joleen,Breed,developer,22
Dyann,Abernon,police officer,27
Emma,Christine,firefighter,25
Gwyneth,Verger,worker,26
Susette,Laurianne,doctor,24
Aeriela,Carleen,doctor,22
Dolli,Tomasina,doctor,30
Gilda,Freddi,police officer,27
Maryellen,Dorothy,doctor,22
Lulita,Love,police officer,23
Lily,Tremayne,doctor,23
Esmeralda,Zetta,firefighter,26
Angelique,Sabella,doctor,27
Beatriz,Westphal,doctor,23
Deedee,Barbey,firefighter,23
Basia,Smitt,worker,29
Berta,Ferrell,developer,22
Georgina,Riva,firefighter,25
Zondra,Imelida,worker,25
Tersina,Norrie,doctor,23
Trixi,Baylor,firefighter,23
Carolina,Cosenza,worker,23
Betta,Ricki,developer,25
Isa,Lesley,firefighter,28
Tamqrah,Rodmann,doctor,23
Alameda,Lucienne,doctor,27
Starla,Clywd,firefighter,22
Lynnea,Vastah,doctor,25
Alexine,Adore,worker,27
Oralee,Merriott,developer,29
Lyssa,Bouchard,doctor,29
Pamella,Evvie,firefighter,22
Charlena,Lenny,developer,23
Rhea,Quent,firefighter,29
Johna,Ammann,police officer,28
Brandise,Howlyn,doctor,28
Kirstin,Grimbly,doctor,25
Diena,Kare,firefighter,25
Corene,Morrill,firefighter,29
Anallese,Mitzi,doctor,29
Kirstin,Urania,firefighter,23
Shaylyn,Orpah,developer,29
Amelia,Weide,firefighter,26
Beth,Alexandr,developer,25
Glynnis,Ardeha,worker,30
Lory,Regan,firefighter,24
Oralee,Montgomery,firefighter,26
Carmela,Millda,developer,26
Aurelie,Cullin,developer,29
Aili,Ogren,police officer,22
Marcy,Janith,police officer,25
Joelly,Rocray,developer,28
Tybie,Anastatius,firefighter,30
Drucie,Colleen,doctor,28
Nadine,Mendez,worker,30
Claudina,Shields,police officer,23
Carree,Chick,developer,23
Dode,Yoko,firefighter,23
Kore,Carri,worker,30
Dagmar,Quent,doctor,22
Marti,Kesley,police officer,22
Courtnay,Salvidor,worker,29
Brianna,Ajay,developer,24
Emilia,Lacombe,worker,24
Raquela,Birdella,police officer,29
Theodora,Sothena,doctor,28
Cacilie,Yam,doctor,25
Tani,Salchunas,police officer,27
Dione,Lalitta,developer,25
Lelah,Leler,developer,27
Linet,Henrie,worker,23
Shirlee,Tannie,worker,23
Moyna,Junie,worker,28
Liana,Fax,police officer,23
Blondelle,Nunci,worker,25
Corly,Sperling,developer,26
Jenilee,Taam,police officer,24
Emelina,Wilkinson,police officer,27
Hallie,Dorothy,police officer,26
Sara-Ann,Stefa,firefighter,24
Sarette,Bahr,developer,28
Anestassia,Deny,police officer,27
Sadie,Horan,doctor,25
Julieta,Yuille,firefighter,25
Mary,Jacobah,police officer,29
Sadie,Christine,police officer,22
Vanessa,Rocray,firefighter,27
Taffy,Amethist,police officer,22
Correy,Nerita,doctor,25
Nannie,Joseph,police officer,27
Mara,Rocray,worker,22
Micheline,Primalia,worker,26
Trixi,Maroney,doctor,24
Hannis,Wu,firefighter,30
Chandra,Rosalba,worker,24
Merry,Shelba,developer,25
Blondelle,Madelene,developer,22
Kore,Jacobah,developer,23
Asia,Carlson,firefighter,22
Jorry,Hashim,police officer,23
Juliane,Seligman,police officer,30
Veda,Raffo,worker,28
Gratia,Kelula,firefighter,26
Alyda,Brackely,police officer,29
Aubrie,Lesley,worker,23
Aryn,Merna,worker,27
Dennie,Melleta,developer,27
Sharai,Dermott,developer,24
Giustina,Seumas,doctor,27
Lynea,Nore,firefighter,22
Lexine,Magnolia,doctor,24
Corry,Magnolia,developer,25
Rani,Wilkinson,firefighter,28
Kristan,Cassius,doctor,28
Xylina,Zachary,police officer,28
Mureil,Ferino,worker,26
Catrina,Clarissa,developer,27
Ardenia,Beebe,firefighter,27
Amelia,Alarise,police officer,22
Lynde,Kunin,police officer,30
Collen,Lalitta,developer,22
Inga,Wilkinson,worker,28
Almeta,Marisa,firefighter,23
Barbara,Turne,developer,28
Elie,Roarke,worker,26
Silvana,Toni,police officer,24
Shirlee,Infield,developer,25
Ada,Rosalba,doctor,28
Valli,Demitria,police officer,30
Giustina,Bouchard,developer,27
Gabi,Matthew,doctor,25
Leanna,Dominy,doctor,28
Priscilla,Wandie,developer,28
Theodora,Wolfgram,worker,26
Leona,Imelida,firefighter,29
Gaylene,Cleavland,developer,27
Ebonee,Bluh,developer,28
Sissy,Teddman,doctor,29
Jenilee,Alfons,police officer,23
Dulcinea,Agle,doctor,23
Dorice,Boehike,firefighter,29
Jenda,Bergman,developer,30
Brianna,Ivens,police officer,28
Mignon,Jess,doctor,25
Taffy,Marden,police officer,29
Belva,Rheingold,developer,24
Melanie,Wallis,doctor,26
Libbie,Erminia,worker,28
Allyce,Rhu,doctor,23
Ulrike,Edvard,firefighter,29
Alyda,Medrek,firefighter,27
Joelly,Kalinda,firefighter,30
Cacilie,Richers,worker,26
Ofilia,Rebecka,firefighter,27
Angela,Vacuva,developer,24
Lanae,Fredi,worker,30
Farrah,Jacinda,developer,22
Mathilda,Naor,doctor,29
Abbie,Zina,worker,25
Fred,Sibyls,worker,27
Jenilee,Posner,developer,30
Starla,Wooster,firefighter,26
Kirstin,Aprile,firefighter,25
Chastity,Riordan,police officer,23
Bee,Mich,firefighter,25
Kristan,Alabaster,doctor,24
Alyssa,Prouty,firefighter,28
Giustina,Raama,firefighter,23
Jean,Cressida,developer,30
Paule,Telfer,developer,28
Meg,Virgin,doctor,26
Karly,Cimbura,doctor,30
Frances,Fredi,developer,24
Candy,Kamaria,firefighter,23
Malina,Georas,police officer,25
Correy,Nore,developer,28
Adele,Lory,police officer,30
Berget,Fennessy,police officer,29
Georgina,Sheedy,worker,26
Adele,Urania,firefighter,30
Tami,Alfons,developer,28
Allyce,Christine,firefighter,27
Mahalia,Tybald,worker,25
Tiffie,Old,worker,25
Merrie,Curren,police officer,30
Anallese,Othilia,police officer,28
Calla,Astra,firefighter,25
Alameda,Screens,police officer,29
Peri,Suk,doctor,28
Kelly,Karna,developer,24
Lexine,Riordan,worker,27
Rosaline,Bahr,police officer,24
Alejandra,Hoban,worker,26
Lusa,Bethany,doctor,22
Heddie,Lenny,police officer,22
Gertrud,Rese,developer,26
Myrtice,Cyrie,doctor,22
Misha,Soneson,firefighter,22
Teriann,Swigart,doctor,27
Blondelle,Blisse,firefighter,25
Minne,Jacobah,developer,30
Elora,Fulmer,worker,28
Devina,Tatianas,firefighter,26
Catharine,Hedve,developer,23
Inga,Swigart,doctor,26
Gusella,Berard,police officer,22
Viviene,Gombach,doctor,26
Viki,Waite,doctor,27
Christal,Korey,doctor,23
Blake,Eachern,doctor,27
Margette,Tamar,developer,25
Christy,Newell,developer,22
Lisette,Girardo,firefighter,28
Pierette,Lareena,firefighter,30
Ellette,Lunsford,worker,29
Rayna,Nahum,firefighter,23
Nanete,Hachmin,firefighter,25
Sherrie,Philipp,worker,29
Roberta,Hunfredo,firefighter,25
Zondra,Odysseus,worker,26
Hope,Stover,firefighter,27
Allis,Susannah,worker,28
Cathie,Bearnard,firefighter,25
Wendi,Adamsen,police officer,26
Arabel,Nore,firefighter,27
Kamilah,Valoniah,developer,25
Carmela,Trey,doctor,25
Amelia,Linskey,developer,28
Leeanne,Bronk,firefighter,29
Letizia,Marijo,police officer,24
Emmey,Baudin,police officer,23
Katleen,Septima,doctor,30
Pearline,Tannie,worker,26
Bobbi,Ax,police officer,24
Elise,Medrek,developer,24
Yetty,Strephon,police officer,28
Lilith,Ephrem,worker,30
Daryl,Meli,developer,29
Georgina,Velick,police officer,30
Berget,Shanley,worker,30
Dianemarie,Kiyoshi,worker,26
Annabela,Esmaria,police officer,22
Felice,Ummersen,developer,28
Ada,Fax,developer,30
Willetta,Ledah,doctor,29
Suzette,Quent,doctor,25
Consuela,Swanhildas,firefighter,29
Shaine,Fiann,doctor,22
Edith,Giff,worker,27
Siana,Gamaliel,developer,22
Betta,Garek,firefighter,22
Tina,Gaal,worker,30
Frank,Sherfield,developer,22
Bernardine,Hortensia,doctor,28
Corene,Barney,worker,27
Antonietta,Ludewig,firefighter,30
Orsola,Dunkin,developer,25
Loree,Kimmie,worker,24
Dagmar,Leler,doctor,26
Dacia,Sikorski,doctor,26
Belva,Baptlsta,police officer,23
Eolanda,Mauer,police officer,28
Laure,Kronfeld,firefighter,26
Barbara,Lynn,police officer,24
Clary,Hebner,worker,26
Petronia,Durware,doctor,22
Tilly,Riva,worker,29
Jeanna,Cath,doctor,28
Sheree,Wenoa,doctor,30
Felice,Iiette,doctor,28
Edyth,Chaing,worker,22
Brynna,Maryanne,doctor,22
Nicoli,Verger,firefighter,30
Daune,Shuler,doctor,29
Marguerite,Riva,police officer,23
Nanete,Dorothy,worker,27
Paulita,Suzetta,doctor,29
Brooks,Suk,police officer,26
Doro,Lia,worker,29
Madeleine,Brieta,worker,25
Kimmy,Durware,worker,28
Almeta,Grobe,police officer,24
Yvonne,Phaidra,doctor,25
Dorice,Norvol,firefighter,28
Jemie,Magnolia,developer,29
Gavrielle,Sacken,police officer,23
Lacie,Kenwood,developer,23
Melisent,Pelagias,developer,24
Emylee,Beebe,worker,30
Annabela,Destinee,worker,26
Babita,Odell,police officer,23
Lucille,Payson,developer,22
Barbara,Roxanna,firefighter,28
Jackie,Ricki,worker,29
Wynne,Fiester,firefighter,29
Johna,Sherrie,firefighter,26
Ariela,Dimitris,worker,29
Daryl,Zina,firefighter,27
Lorne,Ackerley,police officer,29
Christy,Esmaria,doctor,24
Marcy,Maisey,doctor,24
Brooks,Vernier,police officer,24
Florie,Poll,firefighter,26
Leia,Brieta,developer,29
Nanete,Vary,doctor,23
Maridel,O'Rourke,police officer,29
Mellicent,Colbert,worker,23
Ruthe,Esmaria,police officer,28
Inga,Estella,developer,28
Ketti,Salchunas,developer,25
Imojean,Clywd,worker,29
Letizia,Wenoa,doctor,24
Mariele,Secrest,doctor,25
Gloria,Wooster,doctor,30
Leontine,Jacobah,worker,30
Dale,Daveta,doctor,29
Tersina,Sancho,firefighter,22
Brianna,Cassius,police officer,24
Brana,Montgomery,doctor,30
Audrie,Carolin,developer,23
Daune,Janene,worker,30
Trudie,Hoenack,police officer,28
Peri,Munn,police officer,30
Elyssa,Flita,developer,29
Orsola,Milson,firefighter,22
Lesly,Rozanna,doctor,30
Hannis,Lauraine,worker,22
Philis,Yam,developer,23
Beth,Lareena,firefighter,23
Renae,Sharl,doctor,27
Renie,Firmin,firefighter,22
Kamilah,Ingra,police officer,30
Fidelia,Joeann,doctor,27
Valli,Juan,police officer,25
Arlena,Paton,developer,25
Allis,Martsen,doctor,23
Priscilla,Rodmann,developer,24
Iseabal,Nea,worker,26
Mariann,Lalitta,police officer,27
Annice,Cressida,worker,26
Mireielle,Janene,police officer,28
Bill,Buckler,police officer,22
Marleah,Stuart,doctor,22
Roxane,Grosz,firefighter,26
Molli,Brady,worker,25
Goldie,Drus,worker,29
Modestia,Jobi,doctor,26
Catrina,Frendel,doctor,22
Madalyn,Kimmie,doctor,22
Marylou,Giff,firefighter,30
Corene,Imelida,developer,30
Aigneis,Tristram,developer,22
Gusty,Wenoa,firefighter,22
Nariko,Tillford,police officer,30
Benita,Rese,developer,30
Jany,Medrek,worker,25
Cindelyn,Urania,police officer,24
Millie,Dex,firefighter,23
Kirstin,Ovid,developer,23
Deloria,Monk,doctor,25
Maud,Odell,police officer,30
Philis,Camden,police officer,30
Joy,Hubert,developer,26
Nariko,Lorenz,worker,26
Pearline,Scammon,doctor,30
Kenna,Chem,firefighter,28
Emylee,Ulphia,developer,23
Gale,Even,doctor,29
Deirdre,Abram,developer,30
Cathyleen,Ajay,developer,27
Lolita,Heisel,police officer,27
Magdalena,Helfand,doctor,26
Paola,Justinn,doctor,28
Elfreda,Hurley,firefighter,25
Chickie,Liebermann,firefighter,23
Nerta,Sherfield,doctor,22
Mary,Mandler,firefighter,29
Brandise,Fabiola,firefighter,24
Penelopa,Tannie,police officer,27
Tersina,Gabrielli,developer,26
Aigneis,Martsen,doctor,24
Talya,Lutero,worker,23
Noelle,Lasley,developer,22
Alyssa,Tjon,developer,30
Kimberley,Ioab,police officer,26
Roseline,Narton,worker,29
Peri,Schonfeld,worker,29
Dorothy,Solitta,worker,28
Trixi,Diann,firefighter,29
Aurore,Nadia,police officer,26
Diena,Dex,police officer,27
Julieta,Atcliffe,firefighter,26
Imojean,Aida,worker,27
Marguerite,Quent,doctor,24
Nonnah,Orelee,worker,22
Sibella,Kolnick,doctor,25
Elbertina,Manolo,worker,25
Fredericka,Scammon,worker,30
Fredericka,Neva,police officer,27
Mariele,Nester,doctor,28
Desirae,Winnick,police officer,27
Tracey,Soneson,firefighter,23
Gisela,Tyson,developer,29
Adriana,Lissi,doctor,26
Chandra,Roche,police officer,30
Marleah,Fadiman,developer,25
Roz,Solitta,doctor,22
Priscilla,Susannah,developer,26
Cathyleen,Rudolph,developer,30
Mady,Sparhawk,police officer,27
Annecorinne,Remmer,developer,26
Nickie,Iphlgenia,firefighter,22
Ermengarde,Tillford,developer,30
Janenna,Delacourt,developer,26
Christian,Rebecka,firefighter,25
Inga,Wyn,developer,23
Angelique,Afton,firefighter,28
Georgina,Roarke,worker,29
Jessamyn,Vivle,worker,22
Evita,Kravits,police officer,29
Charissa,Cutlerr,developer,27
Ivett,Raseda,developer,24
Theodora,Mehalek,police officer,23
Elie,Ephrem,doctor,27
Moyna,Dash,doctor,28
Randa,Yam,worker,29
Karly,Keelia,developer,27
Dale,Riva,doctor,25
Regina,Euridice,firefighter,26
Eadie,Arvo,doctor,24
Tracey,Herrera,firefighter,23
Jinny,Dom,firefighter,26
Yolane,Ummersen,doctor,29
Valli,Giule,police officer,27
Neila,Olin,worker,28
Melodie,McLaughlin,doctor,28
Myrtice,Lauraine,developer,26
Keelia,Silvan,developer,27
Lyssa,Douglass,developer,26
Kaja,Trinetta,police officer,25
Alisha,Wadell,developer,30
Sean,Cadmar,doctor,29
Henriette,Kamaria,doctor,23
Charmaine,Wallis,worker,25
Teddie,Dimitris,firefighter,27
Alyssa,Lasley,police officer,22
Ann-Marie,Belldas,worker,26
Jeanna,Garrison,police officer,25
Sybille,Taima,worker,23
Deedee,Howlyn,developer,29
Amara,Merriott,worker,24
Mireielle,Gaspard,firefighter,26
Winifred,Schlosser,police officer,28
Sophia,Colyer,worker,28
Annaliese,Ophelia,worker,27
Deloria,Gert,worker,26
Ayn,Johnsson,worker,25
Drucie,Jacinda,police officer,28
Oona,Blisse,worker,29
Corene,Kaete,doctor,25
Fanny,Deegan,worker,24
Joy,Tamsky,doctor,29
Juliane,Rese,developer,27
Sidoney,Morrill,police officer,24
Frank,Noam,developer,30
Lauryn,Bollay,firefighter,24
Chloris,Stoller,doctor,26
Sharai,Nerita,firefighter,25
Bee,Naor,firefighter,25
Jacenta,Jehu,worker,30
Dacia,Gamaliel,worker,26
Jordan,Dominy,worker,28
Dianemarie,Zrike,police officer,26
Adriana,Craggie,worker,27
Sam,Rubie,worker,24
Marika,Reneta,worker,22
Natka,Llovera,police officer,25
Nikki,Roumell,developer,26
Justinn,Elbertina,developer,30
Aimil,Teddman,worker,27
Marguerite,Orelee,police officer,30
Angela,Roche,firefighter,29
Helsa,Syd,worker,26
Kirstin,Maurine,doctor,30
Thalia,Lewes,worker,27
Jasmina,Wittie,developer,28
Tiffie,Gordon,doctor,23
Maisey,Armanda,police officer,23
Angela,Emerson,worker,30
Adore,Ardra,developer,28
Henriette,Urania,worker,29
Yolane,Nunci,developer,25
Amalie,Hourigan,developer,26
Celestyna,Nicoline,firefighter,22
Grier,Lareena,developer,28
Lisette,Edee,worker,29
Barbara,Goldina,police officer,23
Audrie,Malanie,firefighter,22
Sam,Rolf,doctor,26
Cissiee,Autrey,firefighter,25
Selma,Nedrud,doctor,25
Valli,Sinegold,firefighter,27
Beverley,Cornelia,firefighter,23
Brianna,Kermit,police officer,28
Barbara,Warthman,doctor,27
Rhoda,Heidt,worker,23
Britte,Silvan,developer,24
Madeleine,Leonard,police officer,23
Gisela,Duwalt,developer,27
Carol-Jean,Ardra,developer,27
Wendi,McGrody,developer,25
Fanchon,Toffic,doctor,22
Marjie,Artie,developer,25
Karena,Fadiman,police officer,27
Gusella,Margret,developer,25
Carolina,Lalitta,developer,26
Margette,Noman,developer,24
Emma,Dermott,worker,28
Chandra,Khorma,worker,28
Cherilyn,Ehrman,firefighter,24
Corene,Brandice,doctor,22
Corly,Cullin,firefighter,27
Gale,Catie,firefighter,24
Christian,Pattin,developer,27
Petronia,Albertine,police officer,22
Kaia,Himelman,developer,25
Gratia,Oriana,developer,26
Clo,Hailee,worker,24
Ira,Wadell,developer,27
Melisent,Serilda,worker,29
Carilyn,Tatianas,worker,29
Sashenka,Atonsah,developer,27
Ezmeralda,Hoenack,worker,28
Yolane,Means,worker,24
Codie,Ahab,doctor,26
Karly,Cullin,worker,27
Reeba,Velick,worker,28
Calla,Phi,police officer,30
Daphne,Dawkins,firefighter,27
Chickie,Gino,worker,26
Kial,Narton,doctor,23
Madeleine,Jerold,doctor,23
Jennica,Joli,police officer,26
Rozele,Bonilla,firefighter,27
Cherrita,Burkle,police officer,23
Elena,Munn,worker,25
Tamqrah,Harl,worker,27
Robbi,Ailyn,worker,23
Constance,Jorgan,police officer,29
Janis,Rad,firefighter,30
Tybie,Goode,worker,23
Cassondra,Autrey,developer,22
Corene,Lia,police officer,27
Queenie,Hilbert,worker,27
Edith,Colleen,doctor,28
Alexine,Rese,developer,23
Leona,Evangelia,firefighter,28
Jerry,Willie,doctor,24
Stephanie,Martsen,doctor,23
Jasmina,Dudley,firefighter,28
Darci,Aaberg,firefighter,22
Dulce,Khorma,worker,25
Tomasina,Jalbert,firefighter,24
Emma,Reidar,doctor,23
Orsola,Lumbard,police officer,30
Madalyn,Margarete,firefighter,30
Jordan,Barrus,police officer,23
Suzette,Leary,developer,23
Rivalee,Fiester,worker,22
Tani,Riordan,police officer,25
Maud,Rogerio,doctor,30
Nyssa,Soneson,worker,29
Goldie,Agle,doctor,28
Tatiania,Nerita,developer,22
Sandie,Heidt,worker,29
Trudie,Gower,developer,22
Fidelia,Abernon,worker,27
Brooks,Phaidra,firefighter,28
Charissa,Brunell,doctor,24